{
    "Logistic Regression": {
        "Fraud": {
            "Accuracy": 0.943,
            "Precision": 0.30327868852459017,
            "Recall": 0.5606060606060606,
            "F1 Score": 0.39361702127659576,
            "ROC AUC": 0.9442355300680016,
            "Best Threshold": 0.85
        },
        "Marketing": {
            "Accuracy": 1.0,
            "Precision": 1.0,
            "Recall": 1.0,
            "F1 Score": 1.0
        },
        "Operational": {
            "Accuracy": 1.0,
            "Precision": 1.0,
            "Recall": 1.0,
            "F1 Score": 1.0
        }
    },
    "Decision Tree": {
        "Fraud": {
            "Accuracy": 0.938,
            "Precision": 0.29577464788732394,
            "Recall": 0.6363636363636364,
            "F1 Score": 0.40384615384615385,
            "ROC AUC": 0.7914786437278681,
            "Best Threshold": 0.1
        },
        "Marketing": {
            "Accuracy": 1.0,
            "Precision": 1.0,
            "Recall": 1.0,
            "F1 Score": 1.0
        },
        "Operational": {
            "Accuracy": 1.0,
            "Precision": 1.0,
            "Recall": 1.0,
            "F1 Score": 1.0
        }
    },
    "Random Forest": {
        "Fraud": {
            "Accuracy": 0.9325,
            "Precision": 0.32663316582914576,
            "Recall": 0.9848484848484849,
            "F1 Score": 0.49056603773584906,
            "ROC AUC": 0.9601939769985272,
            "Best Threshold": 0.25
        },
        "Marketing": {
            "Accuracy": 1.0,
            "Precision": 1.0,
            "Recall": 1.0,
            "F1 Score": 1.0
        },
        "Operational": {
            "Accuracy": 1.0,
            "Precision": 1.0,
            "Recall": 1.0,
            "F1 Score": 1.0
        }
    },
    "XGBoost": {
        "Fraud": {
            "Accuracy": 0.9435,
            "Precision": 0.3356643356643357,
            "Recall": 0.7272727272727273,
            "F1 Score": 0.45933014354066987,
            "ROC AUC": 0.9634295384036853,
            "Best Threshold": 0.15
        },
        "Marketing": {
            "Accuracy": 1.0,
            "Precision": 1.0,
            "Recall": 1.0,
            "F1 Score": 1.0
        },
        "Operational": {
            "Accuracy": 1.0,
            "Precision": 1.0,
            "Recall": 1.0,
            "F1 Score": 1.0
        }
    },
    "KNN": {
        "Fraud": {
            "Accuracy": 0.946,
            "Precision": 0.3333333333333333,
            "Recall": 0.6363636363636364,
            "F1 Score": 0.4375,
            "ROC AUC": 0.8649525242079534,
            "Best Threshold": 0.65
        },
        "Marketing": {
            "Accuracy": 0.9305,
            "Precision": 0.9311258078718756,
            "Recall": 0.9305,
            "F1 Score": 0.9301997317387785
        },
        "Operational": {
            "Accuracy": 0.9845,
            "Precision": 0.9846758507433976,
            "Recall": 0.9845,
            "F1 Score": 0.9845223843209042
        }
    }
}