{
    "Decision Tree": {
        "Model": "Decision Tree",
        "Precision": 1.0,
        "Recall": 0.9852941176470589,
        "F1 Score": 0.9925925925925926,
        "Accuracy": 0.997
    },
    "Random Forest": {
        "Model": "Random Forest",
        "Precision": 0.9975429975429976,
        "Recall": 0.9950980392156863,
        "F1 Score": 0.996319018404908,
        "Accuracy": 0.9985
    },
    "Logistic Regression": {
        "Model": "Logistic Regression",
        "Precision": 0.9975429975429976,
        "Recall": 0.9950980392156863,
        "F1 Score": 0.996319018404908,
        "Accuracy": 0.9985
    },
    "XGBoost": {
        "Model": "XGBoost",
        "Precision": 0.9975369458128078,
        "Recall": 0.9926470588235294,
        "F1 Score": 0.995085995085995,
        "Accuracy": 0.998
    }
}