{
    "Model": "Random Forest",
    "Precision": 0.9975429975429976,
    "Recall": 0.9950980392156863,
    "F1 Score": 0.996319018404908,
    "Accuracy": 0.9985
}