{
    "Model": "XGBoost",
    "Precision": 0.9975369458128078,
    "Recall": 0.9926470588235294,
    "F1 Score": 0.995085995085995,
    "Accuracy": 0.998
}