{
    "Model": "Random Forest",
    "Metrics": {
        "Accuracy": 0.9385,
        "Precision": 0.3389830508474576,
        "Recall": 0.9090909090909091,
        "F1 Score": 0.49382716049382713,
        "ROC AUC": 0.9614161261007177,
        "Best Threshold": 0.35
    }
}